days;delay_distribution
1;0.028868355611759454
2;0.04655743268494595
3;0.05998812176403925
4;0.06780796043820186
5;0.07040379941942092
6;0.06970888221355372
7;0.06673831316928708
8;0.0634324061710264
9;0.05857909632481723
10;0.05384699296800351
11;0.04857855089561495
12;0.043731301373875556
13;0.03928201315898453
14;0.03477616191570897
15;0.031192490045917058
16;0.027331053304593927
17;0.023724150191001225
18;0.021172753589227166
19;0.018994066942344092
20;0.016631550453211266
21;0.014298325532349002
22;0.01265395749288417
23;0.011094433995996146
24;0.00960056401419732
25;0.00844001187823596
26;0.007404706447983225
27;0.0065774721578593315
28;0.005653272676219085
29;0.005099763041313232
30;0.004503831135118974
31;0.0038786076606541512
32;0.003355399648097159
33;0.003030162234886056
34;0.002677653361560978
35;0.0022938328118087443
36;0.0020049573454162736
37;0.001796886205287431
38;0.0016554786343260818
39;0.0013958947362041764
40;0.0012393363540683967
41;0
42;0
43;0
44;0
45;0
46;0
47;0
48;0
49;0
50;0
51;0
52;0
53;0
54;0
55;0
56;0
57;0
58;0
59;0
60;0
61;0
62;0
63;0
64;0
65;0
66;0
67;0
68;0
69;0
70;0
71;0
72;0
73;0
74;0
75;0
76;0
77;0
78;0
79;0
80;0
81;0
82;0
83;0
84;0
85;0
86;0
87;0
88;0
89;0
90;0
91;0
92;0
93;0
94;0
95;0
96;0
97;0
98;0
99;0
100;0
101;0
102;0
103;0
104;0
105;0
106;0
107;0
108;0
109;0
110;0
111;0
112;0
113;0
114;0
115;0
116;0
117;0
118;0
119;0
120;0
121;0
122;0
123;0
124;0
125;0
126;0
127;0
128;0
129;0
130;0
131;0
132;0
133;0
134;0
135;0
136;0
137;0
138;0
139;0
140;0
141;0
142;0
143;0
144;0
145;0
146;0
147;0
148;0
149;0
150;0
151;0
152;0
153;0
154;0
155;0
156;0
157;0
158;0
159;0
160;0
161;0
162;0
163;0
164;0
165;0
166;0
167;0
168;0
169;0
170;0
171;0
172;0
173;0
174;0
175;0
176;0
177;0
178;0
179;0
180;0
181;0
182;0
183;0
184;0
185;0
186;0
187;0
188;0
189;0
190;0
191;0
192;0
193;0
194;0
195;0
196;0
197;0
198;0
199;0
200;0